Model,Website,Title,Price (TL),URL
Beko 300 TR,https://pazarama.com,BEKO 300 TR Temassız Yazarkasa,15999.0,https://pazarama.com/arama?q=Beko%20300%20TR
Beko 400 TR,https://pazarama.com,Beko 400 TR Temassız Android Yazarkasa+Pos Cihazı,17845.99,https://pazarama.com/arama?q=Beko%20400%20TR
Beko 400 TR,https://pazarama.com,Beko 400 TR Android POS,15000.0,https://pazarama.com/arama?q=Beko%20400%20TR
Beko X30 TR,https://pazarama.com,Beko X30 TR Yazar Kasa Pos Cihazı,9000.0,https://pazarama.com/arama?q=Beko%20X30%20TR
Beko X30 TR,https://pazarama.com,Beko X30 TR Yazar Kasa Android POS,9899.0,https://pazarama.com/arama?q=Beko%20X30%20TR
Beko X30 TR,https://pazarama.com,Beko X30TR Yazar Kasa Pos,9499.0,https://pazarama.com/arama?q=Beko%20X30%20TR
Verifone T650P,https://pazarama.com,Verifone Vx-680 Mobil Yazarkasa Pos,13750.0,https://pazarama.com/arama?q=Verifone%20T650P
Verifone T650P,https://pazarama.com,VERIFONE VX 680 ECR MOBIL YAZARKASA POS,4999.0,https://pazarama.com/arama?q=Verifone%20T650P
Verifone T650P,https://pazarama.com,MeetSun VERİFONE VX-680 MOBİL YAZARKASA POS,13750.0,https://pazarama.com/arama?q=Verifone%20T650P
Inpos M530,https://pazarama.com,INPOS M530 YENİ NESİL YAZAR KASA,5799.0,https://pazarama.com/arama?q=Inpos%20M530
Inpos M530,https://pazarama.com,İNPOS M530 MOBİL 4G TEMASSIZ YAZARKASAPOS YENİ NESİL,5799.0,https://pazarama.com/arama?q=Inpos%20M530
Inpos M530,https://pazarama.com,Inpos M530 Yazar Kasa Pos Cihazı,5799.0,https://pazarama.com/arama?q=Inpos%20M530
Inpos M530,https://pazarama.com,İNPOS M530 YAZARKASA POS,5799.0,https://pazarama.com/arama?q=Inpos%20M530
Inpos M530,https://pazarama.com,İNPOS M530 YAZARKASA POS SÜPER CİHAZ,6299.0,https://pazarama.com/arama?q=Inpos%20M530
Inpos M530,https://pazarama.com,INPOS M530 MOBİL YAZARKASA,5799.0,https://pazarama.com/arama?q=Inpos%20M530
Inpos M530,https://pazarama.com,inpos m530 yeni nesil yazarkasa pos,5799.0,https://pazarama.com/arama?q=Inpos%20M530
Inpos M530,https://pazarama.com,Farisoğlu Elektronik - Inpos M530 Yeni Nesil Temassız ve QR Kod Ödeme Özellikli Yazar Kasa Pos,6443.33,https://pazarama.com/arama?q=Inpos%20M530
Inpos M530,https://pazarama.com,İnPOS M530 Yazar Kasa POS 4G,9125.21,https://pazarama.com/arama?q=Inpos%20M530
Inpos M530,https://pazarama.com,Farisoğlu Elektronik - Inpos M530 Yazar Kasa Pos Cihazı,5850.0,https://pazarama.com/arama?q=Inpos%20M530
Inpos M530,https://pazarama.com,Farisoğlu Elektronik - Inpos M530 Yeni Nesil Temassız QR Karekod Ödeme Özellikli Yazar Kasa Pos,6443.33,https://pazarama.com/arama?q=Inpos%20M530
Inpos M530,https://pazarama.com,INPOS M530 YAZARKASA POS 4G,6443.0,https://pazarama.com/arama?q=Inpos%20M530
Inpos M530,https://pazarama.com,Inpos M530 Yazar Kasa Pos Cihazı,5850.0,https://pazarama.com/arama?q=Inpos%20M530
Paygo SP630,https://pazarama.com,Paygo SP630 Pro Ecr “4G” Yazarkasa Pos Cihazı,5400.0,https://pazarama.com/arama?q=Paygo%20SP630
Paygo SP630,https://pazarama.com,Paygo SP630 PRO 4G YAZAR KASA POS,4860.0,https://pazarama.com/arama?q=Paygo%20SP630
Paygo SP630,https://pazarama.com,Paygo SP630 ECR,4860.0,https://pazarama.com/arama?q=Paygo%20SP630
Paygo SP630,https://pazarama.com,Paygo SP630 Ecr Yeni Nesil Mobil Pos Yazarkasa,4860.0,https://pazarama.com/arama?q=Paygo%20SP630
Paygo SP630,https://pazarama.com,Paygo Sp630 Ecr Yeni Nesil Mobil Pos Yazarkasa,4860.0,https://pazarama.com/arama?q=Paygo%20SP630
Paygo SP630,https://pazarama.com,Paygo Sp630 Ecr Yeni Nesil Seyyar Yazarkasa Pos,4860.0,https://pazarama.com/arama?q=Paygo%20SP630
Paygo SP630,https://pazarama.com,Paygo SP630 PRO ECR - 4G Özellikli Yazar Kasa POS,6000.0,https://pazarama.com/arama?q=Paygo%20SP630
Paygo SP630,https://pazarama.com,PAYGO SP630 ECR YAZARKASAPOS,5400.0,https://pazarama.com/arama?q=Paygo%20SP630
Paygo SP630,https://pazarama.com,PAYGO SP630 4G PRO MOBİL YAZARKASAPOS QR KOD VE TEMASSIZ ÖZELLİKLİ,4860.0,https://pazarama.com/arama?q=Paygo%20SP630
Paygo SP630,https://pazarama.com,PayGo SP630 ECR,5500.0,https://pazarama.com/arama?q=Paygo%20SP630
Paygo SP630,https://pazarama.com,paygo Sp630 Ecr Yeni Nesil Mobil Pos Yazarkasa,5750.0,https://pazarama.com/arama?q=Paygo%20SP630
Hugin Tiger T300,https://pazarama.com,Hugin Tiger T300 EFT/POS Yeni Nesil Yazarkasa,6111.11,https://pazarama.com/arama?q=Hugin%20Tiger%20T300
Hugin Tiger T300,https://pazarama.com,Hugin Tiger T300 “4G” Yazarkasa Pos Cihazı,5500.0,https://pazarama.com/arama?q=Hugin%20Tiger%20T300
Hugin Tiger T300,https://pazarama.com,HUGIN Tiger T300 Mobil Yazar Kasa Pos Temassız,3519.0,https://pazarama.com/arama?q=Hugin%20Tiger%20T300
Hugin Tiger T300,https://pazarama.com,HUGİN TIGER T300 4G ÖZELLİKLİ YENİ NESİL MOBİL YAZARKASA POS,6112.0,https://pazarama.com/arama?q=Hugin%20Tiger%20T300
Hugin Tiger T300,https://pazarama.com,HUGIN Tiger T300 Mobil 4G Yazar Kasa Pos Temassız,5500.0,https://pazarama.com/arama?q=Hugin%20Tiger%20T300
Hugin Tiger T300,https://pazarama.com,Hugin Tiger T300 Yazarkasa Pos - 4G Özellikli,6111.11,https://pazarama.com/arama?q=Hugin%20Tiger%20T300
Hugin Tiger T300,https://pazarama.com,Hugin Tiger T300 - 4G Özellikli Yazar Kasa POS,6111.11,https://pazarama.com/arama?q=Hugin%20Tiger%20T300
Hugin Tiger T300,https://pazarama.com,HUGIN TIGER T300 YAZARKASA POS,5800.0,https://pazarama.com/arama?q=Hugin%20Tiger%20T300
Ingenico Move 5000F,https://pazarama.com,ingenico move 5000f yazarkasa,9500.0,https://pazarama.com/arama?q=Ingenico%20Move%205000F
Ingenico Move 5000F,https://pazarama.com,Move 5000f Seyyar Yazar Kasa Pos 4g (PARA ÇEKMECESİ HEDİYELİ),14790.0,https://pazarama.com/arama?q=Ingenico%20Move%205000F
Ingenico IDE280,https://pazarama.com,IDE280 Yazar Kasa Pos Temassız Ödeme Özellikli Yenilenmiş,8999.0,https://pazarama.com/arama?q=Ingenico%20IDE280
Verifone VX 520,https://pazarama.com,Verifone Vx-680 Mobil Yazarkasa Pos,13750.0,https://pazarama.com/arama?q=Verifone%20VX%20520
Hugin N910,https://pazarama.com,HUGIN 4G YENİ NESİL YAZARKASA POS,5501.7,https://pazarama.com/arama?q=Hugin%20N910
Hugin N910,https://pazarama.com,Hugin Tiger T300 EFT/POS Yeni Nesil Yazarkasa,6111.11,https://pazarama.com/arama?q=Hugin%20N910
Hugin N910,https://pazarama.com,Hugin Tiger T300 “4G” Yazarkasa Pos Cihazı,5500.0,https://pazarama.com/arama?q=Hugin%20N910
Hugin N910,https://pazarama.com,HUGIN Tiger T300 Mobil Yazar Kasa Pos Temassız,3519.0,https://pazarama.com/arama?q=Hugin%20N910
Hugin N910,https://pazarama.com,HUGİN TIGER T300 4G ÖZELLİKLİ YENİ NESİL MOBİL YAZARKASA POS,6112.0,https://pazarama.com/arama?q=Hugin%20N910
Hugin N910,https://pazarama.com,HUGIN Tiger T300 Mobil 4G Yazar Kasa Pos Temassız,5500.0,https://pazarama.com/arama?q=Hugin%20N910
Hugin N910,https://pazarama.com,Hugin Tiger T-300 Yazarkasa-Pos,5501.7,https://pazarama.com/arama?q=Hugin%20N910
Hugin N910,https://pazarama.com,Hugin Tiger T300 Yazarkasa Pos - 4G Özellikli,6111.11,https://pazarama.com/arama?q=Hugin%20N910
Hugin N910,https://pazarama.com,Hugin Tiger T300 - 4G Özellikli Yazar Kasa POS,6111.11,https://pazarama.com/arama?q=Hugin%20N910
Hugin N910,https://pazarama.com,HUGIN TIGER T300 YAZARKASA POS,5800.0,https://pazarama.com/arama?q=Hugin%20N910
